CB	SitesPerCell
ACGCCGATCTGTGCAA	841787
ACTGATGTCAGCGATT	252700
ACTTGTTGTAGCGTGA	221746
AGAATAGGTCTTCTCG	932831
AGAGTGGAGCGAGAAA	222530
AGAGTGGTCGCGATCG	274425
AGATTGCGTTTAGGAA	278562
AGCGTATGTCCGAATT	288869
AGCGTATGTGAGTGAC	253018
AGCTCTCGTTCACCTC	384126
AGGCCGTGTTCTGAAC	202154
AGTGTCATCTAACGGT	237083
ATCTACTAGAATGTGT	192783
ATGCGATTCTCGCTTG	190411
ATGGGAGTCCTGCCAT	278517
CACAGTAGTTCTCATT	782492
CAGCAGCGTCCAGTAT	427054
CATGGCGAGGCCGAAT	233167
CATTCGCAGTGATCGG	266140
CCACGGACATTAGCCA	244930
CCCAATCCATCCTAGA	637614
CCGTTCAAGGCACATG	237737
CGCTGGACATGCTGGC	598784
CGGAGCTAGGAATTAC	334200
CGGAGCTCATTCGACA	789175
CTCATTAGTAAGTGTA	341918
CTGATCCCAGGGAGAG	400708
CTGATCCCATACGCTA	237733
CTGCCTACATACAGCT	279429
CTTTGCGTCGGAAACG	435925
GACAGAGTCCTTGCCA	388142
GACCTGGAGCACCGCT	254133
GACTAACAGTTCGCAT	434755
GACTACAGTACGCACC	228572
GAGGTGATCCGTAGGC	256114
GCATGATGTCTTCAAG	227875
GCTGCGACAAACCTAC	545132
GGACATTTCAACGGGA	362783
GGCTGGTCATAAGACA	912091
GTATTCTGTGTCGCTG	329423
GTCACAAAGAAGAAGC	288156
GTGCATATCGCGTTTC	746928
GTGCGGTTCGCGATCG	233358
TAAACCGGTTCCGGCA	1038665
TACACGAAGTATGACA	339025
TACACGACAGACGTAG	544868
TACCTATTCCCGGATG	182589
TACCTTATCCAAATGC	583043
TACGGGCCATGTCGAT	244486
TAGAGCTCATCACGTA	504888
TAGGCATAGGTGTGGT	287528
TATCAGGGTCATATCG	326939
TCGGTAATCGAGCCCA	268670
TGGACGCTCTTCAACT	172588
TTGAACGCATCAGTAC	276446
